codigo,percentual
QM15-ESS4DI,0.15
QM15-VU2T01,0.15
QM15-1VIWD3,0.15
QM15-Q3YYHJ,0.15
QM15-9729SC,0.15
QM15-MUKQ5Z,0.15
QM15-UAZNPO,0.15
QM15-VRES1V,0.15
QM15-R7JP7R,0.15
QM15-SAIEBZ,0.15
QM15-5DWQRI,0.15
QM15-5WQQ79,0.15
QM15-TUYL2S,0.15
QM15-R5PKJB,0.15
QM15-XVQSR7,0.15
QM15-JRS33U,0.15
QM15-63L7DY,0.15
QM15-2SQ884,0.15
QM15-RCJRD0,0.15
QM15-OQAAU7,0.15
QM15-C2IW18,0.15
QM15-YWFLU1,0.15
QM15-8RZEIV,0.15
QM15-85SDY7,0.15
QM15-26LO3S,0.15
QM15-HAD5BM,0.15
QM15-M1ASLK,0.15
QM15-LE8U2F,0.15
QM15-SPMVYC,0.15
QM15-OH7BT4,0.15
QM15-Q1GZ5E,0.15
QM15-T2S8F4,0.15
QM15-OPOCKM,0.15
QM15-JR2OQL,0.15
QM15-RE2234,0.15
QM15-I85XO2,0.15
QM15-4Y8MFU,0.15
QM15-UTDZUU,0.15
QM15-HKJUDJ,0.15
QM15-8GY10G,0.15
QM15-WSJ4KL,0.15
QM15-JCO61O,0.15
QM15-ADAEYU,0.15
QM15-7M2VXW,0.15
QM15-7LHQ95,0.15
QM15-Y5Y7O8,0.15
QM15-M0PAZK,0.15
QM15-82E1L6,0.15
QM15-TMUZEW,0.15
QM15-EEMXXB,0.15
QM15-UMNIPH,0.15
QM15-ETX7YO,0.15
QM15-JFAJRJ,0.15
QM15-L7V4TX,0.15
QM15-8SJW1L,0.15
QM15-XA9Q8Y,0.15
QM15-576O98,0.15
QM15-I3MHMW,0.15
QM15-TR2UGW,0.15
QM15-F6834Z,0.15
QM15-2XDN0E,0.15
QM15-09AH4U,0.15
QM15-U8N8SX,0.15
QM15-FSD0MJ,0.15
QM15-BV2FKT,0.15
QM15-M9G0AV,0.15
QM15-RP3699,0.15
QM15-GSGTF5,0.15
QM15-S5XANN,0.15
QM15-HFVE9R,0.15
QM15-50NWXM,0.15
QM15-6ES3YQ,0.15
QM15-VC2DRL,0.15
QM15-1ILSL6,0.15
QM15-04OG3H,0.15
QM15-YM2O2N,0.15
QM15-F0XEJ4,0.15
QM15-L4QFWI,0.15
QM15-9UEKQO,0.15
QM15-AZYMY7,0.15
QM15-648YTH,0.15
QM15-ML70AU,0.15
QM15-JMXO2R,0.15
QM15-6MBHE4,0.15
QM15-JAHQJW,0.15
QM15-CYTADL,0.15
QM15-HQVGLU,0.15
QM15-ZYUDJP,0.15
QM15-G0996X,0.15
QM15-MMVJ54,0.15
QM15-BRA3J1,0.15
QM15-HJ4OHB,0.15
QM15-OCZXY1,0.15
QM15-KRDSSL,0.15
QM15-LMG95G,0.15
QM15-J85SND,0.15
QM15-VHQHSS,0.15
QM15-S2J5RU,0.15
QM15-4L9OWT,0.15
QM15-FT90E3,0.15
QM15-XCXB27,0.15
QM15-GJTMQG,0.15
QM15-BGFXRT,0.15
QM15-BHNTQ0,0.15
QM15-FLZBAD,0.15
QM15-VZ3J1F,0.15
QM15-G3PP3G,0.15
QM15-I8HF9P,0.15
QM15-P4Z8WP,0.15
QM15-8VD60E,0.15
QM15-CZWFGX,0.15
QM15-G89B8X,0.15
QM15-62KNAS,0.15
QM15-54RE2U,0.15
QM15-8QVV7Y,0.15
QM15-LJYQM3,0.15
QM15-STDJBV,0.15
QM15-C7UNXU,0.15
QM15-QRA6ED,0.15
QM15-DTJ80C,0.15
QM15-VE86ZL,0.15
QM15-QL6YOS,0.15
QM15-4PRVP1,0.15
QM15-VVRA8N,0.15
QM15-BQFISJ,0.15
QM15-P0AVS8,0.15
QM15-ENHCGO,0.15
QM15-DD9OAH,0.15
QM15-J2S6DG,0.15
QM15-6H42U6,0.15
QM15-TB89Y4,0.15
QM15-S7868X,0.15
QM15-8BDXKA,0.15
QM15-WB7CZT,0.15
QM15-TSTRBM,0.15
QM15-TQIAND,0.15
QM15-YGIUSM,0.15
QM15-KXGDM0,0.15
QM15-E7523R,0.15
QM15-YYLREA,0.15
QM15-N8RPUS,0.15
QM15-M0VXIN,0.15
QM15-IKYYUL,0.15
QM15-T9M0ZV,0.15
QM15-IQ7VSX,0.15
QM15-EEWLOJ,0.15
QM15-PKFWAV,0.15
QM15-D3PCNJ,0.15
QM15-103J0O,0.15
QM15-KLGWBH,0.15
QM15-ZZ1O5X,0.15
QM15-FDNVXO,0.15
QM15-WKT8YM,0.15
QM15-7ISBWH,0.15
QM15-GPUQNR,0.15
QM15-CLBVMK,0.15
QM15-O9WT38,0.15
QM15-KX8S3M,0.15
QM15-OHPPW6,0.15
QM15-42UN55,0.15
QM15-BIGWR3,0.15
QM15-PGBDDH,0.15
QM15-EVW9WO,0.15
QM15-L6DCMF,0.15
QM15-WDD35T,0.15
QM15-RVEMFQ,0.15
QM15-4D92P8,0.15
QM15-DYP9PC,0.15
QM15-R09OPC,0.15
QM15-ZSPMG4,0.15
QM15-V2J22Z,0.15
QM15-N1OWUW,0.15
QM15-L45L0V,0.15
QM15-GPBVSK,0.15
QM15-05H70P,0.15
QM15-MS8L5I,0.15
QM15-7VML7W,0.15
QM15-XOPQND,0.15
QM15-N3PYVU,0.15
QM15-M1NMJR,0.15
QM15-MQV5K9,0.15
QM15-2ELJK5,0.15
QM15-ZAHCGZ,0.15
QM15-78TDWS,0.15
QM15-WKDPE9,0.15
QM15-62CV0N,0.15
QM15-E8UA1K,0.15
QM15-7U4P7O,0.15
QM15-FX9FOB,0.15
QM15-QU3PW2,0.15
QM15-K22PJ0,0.15
QM15-SFL1YB,0.15
QM15-DQCOC9,0.15
QM15-NYJHMD,0.15
QM15-TETYQM,0.15
QM15-2EFTYO,0.15
QM15-VQG17R,0.15
QM15-6VWK9T,0.15
QM15-9M7ZR7,0.15
QM15-7FQ68Z,0.15
QM15-HE83CL,0.15
QM15-K8Z37K,0.15
QM15-P5X7A9,0.15
QM15-HWLJ94,0.15
QM15-YTWB4U,0.15
QM15-RYYCX5,0.15
QM15-H7TS2T,0.15
QM15-1W52P7,0.15
QM15-BVR5RE,0.15
QM15-658JII,0.15
QM15-H9QYE0,0.15
QM15-SMO2X3,0.15
QM15-ZKLPPP,0.15
QM15-PDNNHT,0.15
QM15-V18JLZ,0.15
QM15-034LDH,0.15
QM15-JCGZIL,0.15
QM15-O4BJ85,0.15
QM15-KDB42M,0.15
QM15-315S0P,0.15
QM15-EYEB5I,0.15
QM15-LULIWJ,0.15
QM15-Y6UJRQ,0.15
QM15-SZ01E2,0.15
QM15-OG8WOU,0.15
QM15-AUC59B,0.15
QM15-LEABA7,0.15
QM15-PB1VR8,0.15
QM15-BQHL9R,0.15
QM15-YYDPZ4,0.15
QM15-6LIDAB,0.15
QM15-S8BKWA,0.15
QM15-AFHPDP,0.15
QM15-D6GV6C,0.15
QM15-9PBZ21,0.15
QM15-5QAMR0,0.15
QM15-VWH4C5,0.15
QM15-GR49YD,0.15
QM15-PN5EV5,0.15
QM15-V697XQ,0.15
QM15-MJ6CO8,0.15
QM15-3DR2S9,0.15
QM15-3UHTDJ,0.15
QM15-Q9YYFJ,0.15
QM15-30O3SG,0.15
QM15-AXW9A0,0.15
QM15-ZEZFF0,0.15
QM15-EFIQ92,0.15
QM15-YVZBC9,0.15
QM15-E9VTAE,0.15
QM15-E6BDIW,0.15
QM15-MGV5P8,0.15
QM15-9Q726O,0.15
QM15-BSD4OD,0.15
QM15-DTMCBF,0.15
QM15-HO1UVM,0.15
QM15-JEKOLL,0.15
QM15-C50E09,0.15
QM15-BG5RCZ,0.15
QM15-5R8E14,0.15
QM15-IWCMNV,0.15
QM15-UOT1LH,0.15
QM15-NB77FM,0.15
QM15-FMFNZD,0.15
QM15-TEX339,0.15
QM15-KU4EHS,0.15
QM15-0CI206,0.15
QM15-EGH3SX,0.15
QM15-NR62QO,0.15
QM15-KAKG4S,0.15
QM15-LYJ1P4,0.15
QM15-CZW6WR,0.15
QM15-JWOB37,0.15
QM15-QII0XM,0.15
QM15-KO8AOM,0.15
QM15-JHHQ2Y,0.15
QM15-GTRDW7,0.15
QM15-OJOV3B,0.15
QM15-IGLT37,0.15
QM15-3OYAMS,0.15
QM15-7MOKCU,0.15
QM15-GX6UGG,0.15
QM15-UTPUI6,0.15
QM15-ZREAUV,0.15
QM15-RYB13G,0.15
QM15-AR7W28,0.15
QM15-FWJGRF,0.15
QM15-Z03JJC,0.15
QM15-QPP2JF,0.15
QM15-HPRPVD,0.15
QM15-DN841K,0.15
QM15-P29OEM,0.15
QM15-GTVBHG,0.15
QM15-EPOPV9,0.15
QM15-F4HG1G,0.15
QM15-U0RNA8,0.15
QM15-E0WFGR,0.15
QM15-GNLUGD,0.15
QM15-ZHLP2Z,0.15
QM15-6JA4CN,0.15
QM15-8KB6PM,0.15
QM15-WK07BW,0.15
QM15-ZL6T8E,0.15
QM15-2C2PJY,0.15
QM15-T36S6V,0.15
QM15-327P7A,0.15
QM15-CU83Z8,0.15
QM15-7LCDMR,0.15
QM15-0IWECY,0.15
QM15-MU04V4,0.15
QM15-84TS30,0.15
QM15-KVICKH,0.15
QM15-WHNUQL,0.15
QM15-9PL8FQ,0.15
QM15-JZAU9S,0.15
QM15-0NSMP3,0.15
QM15-ELTL1C,0.15
QM15-S9ZJXO,0.15
QM15-HRNOZF,0.15
QM15-XXTELH,0.15
QM15-CW67HB,0.15
QM15-JQNY2S,0.15
QM15-OUTL2Z,0.15
QM15-CPC3XX,0.15
QM15-B6PWPI,0.15
QM15-9GV4NJ,0.15
QM15-O1S07M,0.15
QM15-PER8KN,0.15
QM15-KGF97G,0.15
QM15-4TE93A,0.15
QM15-FNW12P,0.15
QM15-CRSRJU,0.15
QM15-81EVT6,0.15
QM15-MROAN8,0.15
QM15-KT60XY,0.15
QM15-ZZOCTR,0.15
QM15-MC6JKS,0.15
QM15-CQS7OK,0.15
QM15-3FCDGE,0.15
QM15-B1QBTR,0.15
QM15-RS9MKR,0.15
QM15-DE7N6G,0.15
QM15-W09GQ8,0.15
QM15-5K19JL,0.15
QM15-ELHWQO,0.15
QM15-R2ZLC9,0.15
QM15-HIF1N9,0.15
QM15-766REG,0.15
QM15-QJ5AIB,0.15
QM15-2KSL73,0.15
QM15-383HU5,0.15
QM15-S17DKW,0.15
QM15-MR56C2,0.15
QM15-7NGXCE,0.15
QM15-YF3ZWO,0.15
QM15-6CY2ZG,0.15
QM15-6W9TM7,0.15
QM15-WCRC9M,0.15
QM15-T1MUPL,0.15
QM15-D3SB9W,0.15
QM15-QLN58Q,0.15
QM15-GG4SSI,0.15
QM15-7GOMWB,0.15
QM15-VGI2H2,0.15
QM15-M3ZAP6,0.15
QM15-E3NILU,0.15
QM15-IJRLMV,0.15
QM15-6L70MW,0.15
QM15-04V8TQ,0.15
QM15-1GOWYP,0.15
QM15-AIN4OA,0.15
QM15-R1B0EY,0.15
QM15-XH0XOF,0.15
QM15-I33Z2R,0.15
QM15-YQ0QAA,0.15
QM15-BNFQEJ,0.15
QM15-JFKIW1,0.15
QM15-JEKYRO,0.15
QM15-JYG8DL,0.15
QM15-6OXRQ2,0.15
QM15-X28AU6,0.15
QM15-D70TUG,0.15
QM15-HFVB8R,0.15
QM15-VIDMB9,0.15
QM15-NEV58K,0.15
QM15-JQQSRS,0.15
QM15-X7QQPC,0.15
QM15-65GLZP,0.15
QM15-ZBPT7M,0.15
QM15-0KLKRG,0.15
QM15-WQ11PY,0.15
QM15-YG82JD,0.15
QM15-7ES3HR,0.15
QM15-GBLY6L,0.15
QM15-EHDYRQ,0.15
QM15-ZKZX9X,0.15
QM15-DI1M25,0.15
QM15-8YNW0Y,0.15
QM15-LP1EOB,0.15
QM15-8FXGOG,0.15
QM15-VHQP6V,0.15
QM15-CNX1CJ,0.15
QM15-UDSK7W,0.15
QM15-V37QY7,0.15
QM15-QV5EMX,0.15
QM15-AJE2L4,0.15
QM15-7B3F2V,0.15
QM15-78KV69,0.15
QM15-5K8MDP,0.15
QM15-R7TPHD,0.15
QM15-VBQT69,0.15
QM15-30RB8V,0.15
QM15-UYVO8E,0.15
QM15-OGUEQX,0.15
QM15-Q60K0U,0.15
QM15-4T026J,0.15
QM15-LE9MAJ,0.15
QM15-IL6UPB,0.15
QM15-HHDP2O,0.15
QM15-TV2N7D,0.15
QM15-ZPG6JE,0.15
QM15-ILGRQH,0.15
QM15-BB5V39,0.15
QM15-07NLTT,0.15
QM15-BCSB9E,0.15
QM15-W0CNJ7,0.15
QM15-5REI2F,0.15
QM15-4TRX2B,0.15
QM15-J4I7CE,0.15
QM15-TJ15GO,0.15
QM15-4BDFGW,0.15
QM15-ZNPFAL,0.15
QM15-MU1IFE,0.15
QM15-9AY2DO,0.15
QM15-QC8PZJ,0.15
QM15-DXTEZZ,0.15
QM15-X4GH2M,0.15
QM15-XSTXRN,0.15
QM15-23HUTD,0.15
QM15-8GKV9K,0.15
QM15-95I2LR,0.15
QM15-QD7T36,0.15
QM15-2Q11V5,0.15
QM15-EWZGVM,0.15
QM15-FEX12O,0.15
QM15-RFWJDL,0.15
QM15-OG54D4,0.15
QM15-Y8065T,0.15
QM15-KMWZJC,0.15
QM15-LB1JBT,0.15
QM15-0V8KWV,0.15
QM15-7CWDAA,0.15
QM15-3RJ2XB,0.15
QM15-541KZC,0.15
QM15-SM5M0C,0.15
QM15-DVNFBX,0.15
QM15-OJAHBQ,0.15
QM15-KNKRQM,0.15
QM15-ILFYZC,0.15
QM15-9A4LIR,0.15
QM15-AYA9EY,0.15
QM15-R55AQ6,0.15
QM15-EQE033,0.15
QM15-K5CNUI,0.15
QM15-DGH8AX,0.15
QM15-FJJWEP,0.15
QM15-LHBNO8,0.15
QM15-H3V7NM,0.15
QM15-ZOYRUW,0.15
QM15-QJK7DB,0.15
QM15-38E33L,0.15
QM15-NYVB1I,0.15
QM15-7KJHF6,0.15
QM15-QMRQ8J,0.15
QM15-2MKHDU,0.15
QM15-JZCGJ0,0.15
QM15-QDF5XT,0.15
QM15-M4WWC4,0.15
QM15-5KNPFO,0.15
QM15-8M8ZEH,0.15
QM15-NP61ON,0.15
QM15-MMFLDP,0.15
QM15-IXPXXM,0.15
QM15-SLERPL,0.15
QM15-T5KER2,0.15
QM15-NBY1JO,0.15
QM15-5B7H50,0.15
QM15-ZNYIRL,0.15
QM15-R65GWT,0.15
QM15-JTMG12,0.15
QM15-YET7VV,0.15
QM15-SW7G5W,0.15
QM15-HBMXP9,0.15
QM15-AERM5C,0.15
QM15-OFJJPI,0.15
QM15-3H243W,0.15
QM15-UYWZN9,0.15
QM15-1P7BLK,0.15
QM15-V4SJFH,0.15
QM15-0NO3LU,0.15
QM15-060Z17,0.15
QM15-61HI9U,0.15
QM15-I2OO0Z,0.15
QM15-TBPEI7,0.15
QM15-ULMOZE,0.15
QM15-S0E7XC,0.15
QM15-R1DAY6,0.15
QM15-JAQ1J6,0.15
QM15-VBU6DU,0.15
QM15-LL1K79,0.15
QM15-NR69NO,0.15
QM15-3SISJI,0.15
QM15-YYJIAM,0.15
QM15-KWDDWK,0.15
QM15-NJTFAF,0.15
QM15-BPRVA0,0.15
QM15-ED3R4W,0.15
QM15-X5YS1B,0.15
QM15-2RUZOT,0.15
QM15-9X58NP,0.15
QM15-0ABQSW,0.15
QM15-VVDAMO,0.15
QM15-VTOMT7,0.15
QM15-ZCMHJD,0.15
QM15-FSLT4W,0.15
QM15-6JOWNJ,0.15
QM15-Z7E8J8,0.15
QM15-S09G11,0.15
QM15-N9J38Z,0.15
QM15-VH3ROS,0.15
QM15-JEB04R,0.15
QM15-CFF424,0.15
QM15-G9WSW3,0.15
QM15-XTQI2J,0.15
QM15-0BRLJT,0.15
QM15-9W97RW,0.15
QM15-G3FUE6,0.15
QM15-RB7BZR,0.15
QM15-84RDPP,0.15
QM15-HJWTA7,0.15
QM15-HY5AAL,0.15
QM15-CQZMG8,0.15
QM15-KHG2Q1,0.15
QM15-VPRDRZ,0.15
QM15-31J1DZ,0.15
QM15-VNRCDI,0.15
QM15-NDJD18,0.15
QM15-M6JYP0,0.15
QM15-B84602,0.15
QM15-0XH7J5,0.15
QM15-LAJ0LL,0.15
QM15-D8A8ZX,0.15
QM15-DVHY1K,0.15
QM15-2M3GZ7,0.15
QM15-H0F77R,0.15
QM15-K8N4GS,0.15
QM15-F5KTQX,0.15
QM15-A51LIB,0.15
QM15-GU1MYP,0.15
QM15-BTMITI,0.15
QM15-UA2DP6,0.15
QM15-8LZ7AP,0.15
QM15-XNOKSZ,0.15
QM15-6D4J2J,0.15
QM15-C9N7NF,0.15
QM15-SZGI21,0.15
QM15-16UE1M,0.15
QM15-XPG5HC,0.15
QM15-8MWKLU,0.15
QM15-VRTPQH,0.15
QM15-ATWJFZ,0.15
QM15-KJM9RL,0.15
QM15-A5F79H,0.15
QM15-0DD3FM,0.15
QM15-C06QSX,0.15
QM15-6N0897,0.15
QM15-0UQW04,0.15
QM15-24QO6C,0.15
QM15-5FRPX3,0.15
QM15-UENLEM,0.15
QM15-KOYXP1,0.15
QM15-K6SEGH,0.15
QM15-2MYCT7,0.15
QM15-INKPK9,0.15
QM15-HGKHAB,0.15
QM15-V544R9,0.15
QM15-MRXF7E,0.15
QM15-C8N6R4,0.15
QM15-1ZL120,0.15
QM15-2SPLL2,0.15
QM15-110123,0.15
QM15-HLGKS7,0.15
QM15-GD62QR,0.15
QM15-D1XYK8,0.15
QM15-F8B612,0.15
QM15-4828S5,0.15
QM15-DSEI72,0.15
QM15-85YWY3,0.15
QM15-1KEONL,0.15
QM15-SG23IU,0.15
QM15-21RNYT,0.15
QM15-FVLS7Y,0.15
QM15-ZCWAZI,0.15
QM15-RYEQWX,0.15
QM15-KN36IN,0.15
QM15-JN5G17,0.15
QM15-749PLW,0.15
QM15-7BWIFM,0.15
QM15-H4E4H5,0.15
QM15-XSJN2F,0.15
QM15-0ULU76,0.15
QM15-YR5UPG,0.15
QM15-X54FG0,0.15
QM15-BFWUCK,0.15
QM15-SBKDA1,0.15
QM15-QSVRVF,0.15
QM15-5CA75X,0.15
QM15-XEMTY3,0.15
QM15-OZ6X5L,0.15
QM15-YCTFEB,0.15
QM15-ZPZIKT,0.15
QM15-MTAU2G,0.15
QM15-CB5H4F,0.15
QM15-V9EW1G,0.15
QM15-U04P32,0.15
QM15-H5NMR4,0.15
QM15-RFLWJD,0.15
QM15-F7S33K,0.15
QM15-BQ6K3L,0.15
QM15-MJSGSG,0.15
QM15-MBIH47,0.15
QM15-JYFBV9,0.15
QM15-1W6ZWK,0.15
QM15-DU7C28,0.15
QM15-LARCDQ,0.15
QM15-MZU03J,0.15
QM15-UFMXXO,0.15
QM15-2ETHQ1,0.15
QM15-TV9PT4,0.15
QM15-T5FLZW,0.15
QM15-PGWMT4,0.15
QM15-2Y17PK,0.15
QM15-0JXNRN,0.15
QM15-K0N5GY,0.15
QM15-RQ7MMU,0.15
QM15-YZQGQM,0.15
QM15-2U8F4P,0.15
QM15-5EZ1MS,0.15
QM15-Q37SIZ,0.15
QM15-GZN5LE,0.15
QM15-ZMYWB1,0.15
QM15-E9R6UN,0.15
QM15-O6ZKZF,0.15
QM15-2PQDQX,0.15
QM15-RA6428,0.15
QM15-4V2Z9L,0.15
QM15-PNQN3L,0.15
QM15-WADMUN,0.15
QM15-0U0ED9,0.15
QM15-ZQVDMD,0.15
QM15-EB4DTN,0.15
QM15-0OB8P6,0.15
QM15-H4LCGQ,0.15
QM15-FG5ILR,0.15
QM15-S9QKQA,0.15
QM15-T8GEUL,0.15
QM15-QHRIFV,0.15
QM15-7CJK8R,0.15
QM15-NS6JRW,0.15
QM15-RSMO2E,0.15
QM15-BBL3QP,0.15
QM15-Y0PVEM,0.15
QM15-QLZ9PE,0.15
QM15-36HO0Q,0.15
QM15-LRXPGE,0.15
QM15-LGCRZH,0.15
QM15-5V8FWN,0.15
QM15-QPRP8X,0.15
QM15-5HJGRB,0.15
QM15-W9EPJ5,0.15
QM15-HLRBHM,0.15
QM15-SS6AAW,0.15
QM15-C7F8BA,0.15
QM15-0IAUTS,0.15
QM15-NEDN88,0.15
QM15-3ZLG6D,0.15
QM15-TO7JCI,0.15
QM15-JBDPQN,0.15
QM15-2YUPRO,0.15
QM15-0DLRNI,0.15
QM15-092MD4,0.15
QM15-N6VO1I,0.15
QM15-X886EU,0.15
QM15-A7P06U,0.15
QM15-JCGMJ4,0.15
QM15-QYECMP,0.15
QM15-3AY4MK,0.15
QM15-GFTZTH,0.15
QM15-IEC11B,0.15
QM15-X9JBDR,0.15
QM15-8VAFZX,0.15
QM15-JAW71G,0.15
QM15-600WSQ,0.15
QM15-1QICA1,0.15
QM15-OTQ2E6,0.15
QM15-WBV8PQ,0.15
QM15-SFL02E,0.15
QM15-53HXJ5,0.15
QM15-75R89G,0.15
QM15-0IAR39,0.15
QM15-PJJGP7,0.15
QM15-V0NTAX,0.15
QM15-CW8E0S,0.15
QM15-RLS1J0,0.15
QM15-S90WFM,0.15
QM15-XQPUW2,0.15
QM15-YM0HZ4,0.15
QM15-YYY00W,0.15
QM15-S6LSTE,0.15
QM15-LNOM6M,0.15
QM15-QB59FY,0.15
QM15-7Z8J7K,0.15
QM15-1KUAM8,0.15
QM15-9BG0WX,0.15
QM15-8FSHPY,0.15
QM15-ZQNVWQ,0.15
QM15-ZEHMEB,0.15
QM15-63MNJW,0.15
QM15-JDLS5V,0.15
QM15-LU1RMQ,0.15
QM15-G24YKQ,0.15
QM15-S6EC2I,0.15
QM15-EKXL3I,0.15
QM15-ZPX6ZK,0.15
QM15-24YCHI,0.15
QM15-FURKR6,0.15
QM15-YXJ5F0,0.15
QM15-FSXHWS,0.15
QM15-ON1OPE,0.15
QM15-XP0K1Q,0.15
QM15-ZG3X30,0.15
QM15-UX2W8Z,0.15
QM15-DFT9KS,0.15
QM15-CYSMOV,0.15
QM15-MR98ZY,0.15
QM15-B04CRX,0.15
QM15-JZ5XZL,0.15
QM15-NMKNX9,0.15
QM15-3LK4OE,0.15
QM15-NKRFJR,0.15
QM15-M8IITV,0.15
QM15-ZUPFCH,0.15
QM15-W9PNPU,0.15
QM15-S112DT,0.15
QM15-U81GK1,0.15
QM15-O8AB7C,0.15
QM15-WUTLAW,0.15
QM15-NFUEO2,0.15
QM15-7JBLJY,0.15
QM15-11IMT2,0.15
QM15-ZLE2ML,0.15
QM15-QG0ZEO,0.15
QM15-DCYDA4,0.15
QM15-RQ77SS,0.15
QM15-D4JR85,0.15
QM15-BRY3Z0,0.15
QM15-EMPOMT,0.15
QM15-CKHEKX,0.15
QM15-CH0JQ2,0.15
QM15-HFU6SW,0.15
QM15-8F8WL4,0.15
QM15-GEYC2X,0.15
QM15-WU0Z8U,0.15
QM15-SMI6MA,0.15
QM15-A2Z07D,0.15
QM15-XRNA7Y,0.15
QM15-DCAPDP,0.15
QM15-GHUJ9W,0.15
QM15-QM8OEC,0.15
QM15-P51ZAY,0.15
QM15-KW4KM4,0.15
QM15-LNCTT3,0.15
QM15-DXEFOK,0.15
QM15-YXCI6X,0.15
QM15-6MP17N,0.15
QM15-TVEHND,0.15
QM15-HA8NHF,0.15
QM15-ZRBUQV,0.15
QM15-D9TP70,0.15
QM15-MZ8BQJ,0.15
QM15-T1LYTA,0.15
QM15-TME1GY,0.15
QM15-94HWYB,0.15
QM15-3QAYZV,0.15
QM15-VE3JFL,0.15
QM15-CX85MQ,0.15
QM15-TC6ZHW,0.15
QM15-QZGS1I,0.15
QM15-RFGAHF,0.15
QM15-RYX2PH,0.15
QM15-SPYOIJ,0.15
QM15-PKDSO2,0.15
QM15-UADQX3,0.15
QM15-7D14F4,0.15
QM15-IR8NEL,0.15
QM15-S841L5,0.15
QM15-J0NWKK,0.15
QM15-0KAFY2,0.15
QM15-P4B6I1,0.15
QM15-1FO4BY,0.15
QM15-A5QVXW,0.15
QM15-2L3SR9,0.15
QM15-D873C8,0.15
QM15-HVV14D,0.15
QM15-XI6KQI,0.15
QM15-P353HW,0.15
QM15-EN207N,0.15
QM15-83QI6N,0.15
QM15-ESQQN4,0.15
QM15-ATLD4L,0.15
QM15-6YP80L,0.15
QM15-9R285U,0.15
QM15-61FGWW,0.15
QM15-SN1GCV,0.15
QM15-OF0U6I,0.15
QM15-F4C4RT,0.15
QM15-6HP93U,0.15
QM15-FZX1PJ,0.15
QM15-PMBWBY,0.15
QM15-HBJV9Z,0.15
QM15-6TFVPN,0.15
QM15-PWS5AO,0.15
QM15-983SVH,0.15
QM15-5IB8O9,0.15
QM15-Q14B2S,0.15
QM15-KIMFXL,0.15
QM15-D7HSPE,0.15
QM15-HRFTAY,0.15
QM15-PO6BOT,0.15
QM15-5PJAP0,0.15
QM15-1L8O2Y,0.15
QM15-2EZQAV,0.15
QM15-JSRQWB,0.15
QM15-PSDR86,0.15
QM15-LGLIDD,0.15
QM15-KQMAVM,0.15
QM15-DG7F8I,0.15
QM15-339KOI,0.15
QM15-SAZW3W,0.15
QM15-GLC8F4,0.15
QM15-NN94VO,0.15
QM15-UHMB5O,0.15
QM15-97GQKQ,0.15
QM15-GT1CJO,0.15
QM15-EHKOO9,0.15
QM15-CVG1R5,0.15
QM15-4BS4GU,0.15
QM15-03NUPI,0.15
QM15-PWJN96,0.15
QM15-02BBTK,0.15
QM15-2ESNSY,0.15
QM15-19WW3O,0.15
QM15-WQ0G74,0.15
QM15-03BK83,0.15
QM15-WM4B89,0.15
QM15-MWA18F,0.15
QM15-MJVKGE,0.15
QM15-LG88Y3,0.15
QM15-MEQNZ9,0.15
QM15-3AKZH7,0.15
QM15-ETBKER,0.15
QM15-H9GLQ5,0.15
QM15-EM4OJS,0.15
QM15-NHIY6A,0.15
QM15-ESX57D,0.15
QM15-14QG3U,0.15
QM15-BWE1OX,0.15
QM15-A399C9,0.15
QM15-DMETG2,0.15
QM15-80WXJZ,0.15
QM15-H899E2,0.15
QM15-L40FB7,0.15
QM15-PNFW4E,0.15
QM15-QMED67,0.15
QM15-MUMQVI,0.15
QM15-Z7C5Y3,0.15
QM15-JJL9TM,0.15
QM15-X4VL3Q,0.15
QM15-SBCGNI,0.15
QM15-2MUZ1Y,0.15
QM15-P5HLIT,0.15
QM15-QNBI4D,0.15
QM15-BTOJZ3,0.15
QM15-H89SKU,0.15
QM15-95XPIV,0.15
QM15-L27E8R,0.15
QM15-1N1EPA,0.15
QM15-MY08N0,0.15
QM15-JBMHX5,0.15
QM15-5C8X0H,0.15
QM15-Q28KUS,0.15
QM15-D4DDSE,0.15
QM15-W2SQP7,0.15
QM15-SD4N7I,0.15
QM15-O6KRG6,0.15
QM15-G0YI8I,0.15
QM15-5ZGFVE,0.15
QM15-BPQGXU,0.15
QM15-2GIQPF,0.15
QM15-MD16F5,0.15
QM15-9SIMD3,0.15
QM15-8CKGG9,0.15
QM15-QVON2A,0.15
QM15-AOPS50,0.15
QM15-Y28ET9,0.15
QM15-YWVS2W,0.15
QM15-5DUSKR,0.15
QM15-VBD1AQ,0.15
QM15-I2Q3WL,0.15
QM15-6OE6T1,0.15
QM15-16XHPN,0.15
QM15-WN0S6K,0.15
QM15-2LX504,0.15
QM15-1901QW,0.15
QM15-HELYVL,0.15
QM15-Y6SUNK,0.15
QM15-18OQ2Y,0.15
QM15-0GKIUF,0.15
QM15-1DZEVE,0.15
QM15-847YX1,0.15
QM15-G9JDFM,0.15
QM15-JR0TNA,0.15
QM15-TT9BL6,0.15
QM15-4EHOIF,0.15
QM15-OQI2D2,0.15
QM15-0CDUWV,0.15
QM15-P3RCVM,0.15
QM15-P7TII9,0.15
QM15-HPY972,0.15
QM15-8823F2,0.15
QM15-CUQ7ER,0.15
QM15-FGEGYK,0.15
QM15-FMNFM6,0.15
QM15-3DQHP5,0.15
QM15-HJOE3J,0.15
QM15-8Z10DD,0.15
QM15-96Z0D1,0.15
QM15-4FSRCX,0.15
QM15-MDWVGM,0.15
QM15-ZV1C0E,0.15
QM15-FDVG1I,0.15
QM15-DRPDCC,0.15
QM15-U3Y549,0.15
QM15-1JXI7Y,0.15
QM15-KPYWNI,0.15
QM15-479CJ9,0.15
QM15-NEA7M5,0.15
QM15-6ENQ4V,0.15
QM15-5O66E2,0.15
QM15-WNAXBO,0.15
QM15-XI6T36,0.15
QM15-SPN5EH,0.15
QM15-GWUH0P,0.15
QM15-KRZEC8,0.15
QM15-RZOF6F,0.15
QM15-Y2X19X,0.15
QM15-BNIWRF,0.15
QM15-PEAHU1,0.15
QM15-G5VM7G,0.15
QM15-T4KNM6,0.15
QM15-THLXTN,0.15
QM15-EIGW07,0.15
QM15-7PTMBB,0.15
QM15-FMMRK3,0.15
QM15-8RIPM4,0.15
QM15-K09Q5T,0.15
QM15-KGM08J,0.15
QM15-JBB380,0.15
QM15-OGCKW3,0.15
QM15-XPCBXN,0.15
QM15-5RN1RR,0.15
QM15-DT5K95,0.15
QM15-M7HPVZ,0.15
QM15-WZ7F2B,0.15
QM15-354WWK,0.15
QM15-BDNKKS,0.15
QM15-B4ZFFX,0.15
QM15-M0FA65,0.15
QM15-R9IUS5,0.15
QM15-X3GOW7,0.15
QM15-JCU83Y,0.15
QM15-B4OFFC,0.15
QM15-L3N6V8,0.15
QM15-60NMX2,0.15
QM15-EON5H9,0.15
QM15-ALBQE4,0.15
QM15-X3FY4Q,0.15
QM15-FYZ7TK,0.15
QM15-U42EXI,0.15
QM15-4XADFT,0.15
QM30-O8ZXQV,0.3
QM30-3T0ZOO,0.3
QM30-DH9R40,0.3
QM30-XC8AQ8,0.3
QM30-FTAD24,0.3
QM30-B6B001,0.3
QM30-XPA6L8,0.3
QM30-FYX4FI,0.3
QM30-9OKX0X,0.3
QM30-Z37H03,0.3
QM30-85KSA3,0.3
QM30-NVKFPF,0.3
QM30-BGTVCM,0.3
QM30-70FOKT,0.3
QM30-KBMJVE,0.3
QM30-UG9MRG,0.3
QM30-7KCU8J,0.3
QM30-UNOLIZ,0.3
QM30-UXPEQY,0.3
QM30-HAM5RS,0.3
QM30-K1TVF5,0.3
QM30-RZ75EF,0.3
QM30-R3YJ8J,0.3
QM30-P7REXA,0.3
QM30-W6IB4S,0.3
QM30-WMBTLM,0.3
QM30-VW6KXQ,0.3
QM30-77YFFX,0.3
QM30-GLRVU4,0.3
QM30-TA6KA9,0.3
QM30-D61HZO,0.3
QM30-363BHD,0.3
QM30-FOPOZ5,0.3
QM30-GQWQ6O,0.3
QM30-3SQ1XK,0.3
QM30-HFRU0Z,0.3
QM30-KB8FLQ,0.3
QM30-2Z1DKY,0.3
QM30-B8MBFK,0.3
QM30-3R71ZY,0.3
QM30-OFNX5F,0.3
QM30-55UAI8,0.3
QM30-CDADKM,0.3
QM30-VCPX81,0.3
QM30-51K0C4,0.3
QM30-V2JCYN,0.3
QM30-LWPZL4,0.3
QM30-WJHAX2,0.3
QM30-0KA5FL,0.3
QM30-X4QBXN,0.3
QM30-MJOBCC,0.3
QM30-HIG44G,0.3
QM30-7JRY63,0.3
QM30-C9XFPI,0.3
QM30-PGOKIA,0.3
QM30-9PRUID,0.3
QM30-FZBP2T,0.3
QM30-N94N03,0.3
QM30-VKFG9C,0.3
QM30-YVZAPG,0.3
QM30-KBFG5Q,0.3
QM30-SCN90Q,0.3
QM30-SRYMEK,0.3
QM30-3O4CXB,0.3
QM30-L15NV8,0.3
QM30-9XOZ4E,0.3
QM30-JSYNWW,0.3
QM30-HK0CSF,0.3
QM30-FX0GDT,0.3
QM30-LLB3NV,0.3
QM30-4EM0OH,0.3
QM30-4O1TA5,0.3
QM30-4IOWRK,0.3
QM30-74VYHR,0.3
QM30-X8HYQF,0.3
QM30-IBWF75,0.3
QM30-2U83UC,0.3
QM30-5RA3S7,0.3
QM30-SSG78U,0.3
QM30-B4Z8AJ,0.3
QM30-W6P0Z2,0.3
QM30-0ONK00,0.3
QM30-YUABVD,0.3
QM30-GM9RSY,0.3
QM30-GA7274,0.3
QM30-1F9PPY,0.3
QM30-R8VJOY,0.3
QM30-QIERAH,0.3
QM30-LVYX2R,0.3
QM30-BFYJV2,0.3
QM30-N078UR,0.3
QM30-28CB6E,0.3
QM30-VI5MX5,0.3
QM30-6E5UCN,0.3
QM30-WZ6DSC,0.3
QM30-Z5C4BU,0.3
QM30-7K5NF2,0.3
QM30-RW2IVE,0.3
QM30-1X44AZ,0.3
QM30-MPHC79,0.3
QM30-V7AWK9,0.3
QM30-9GAY4N,0.3
QM30-6WDX28,0.3
QM30-XSE38R,0.3
QM30-AUV85M,0.3
QM30-YUSQ2L,0.3
QM30-MC3VKP,0.3
QM30-KFA24S,0.3
QM30-HQI2I9,0.3
QM30-ZS0K8K,0.3
QM30-JDW4SF,0.3
QM30-QTCFGQ,0.3
QM30-UJO621,0.3
QM30-IYN36M,0.3
QM30-1ISXMY,0.3
QM30-ONS5KR,0.3
QM30-RDK6JY,0.3
QM30-71CRD1,0.3
QM30-NZ3WBM,0.3
QM30-UXW56F,0.3
QM30-1BD44F,0.3
QM30-WHVVSW,0.3
QM30-BBWUXQ,0.3
QM30-RZVKOP,0.3
QM30-3ZH0WE,0.3
QM30-QC8N8X,0.3
QM30-P8LN1D,0.3
QM30-5CVVZ4,0.3
QM30-G1ZF3Z,0.3
QM30-IH8RH6,0.3
QM30-25790A,0.3
QM30-DTCVZ8,0.3
QM30-4N1BAL,0.3
QM30-KH2IGN,0.3
QM30-T30OWE,0.3
QM30-NVUJKA,0.3
QM30-P42TI2,0.3
QM30-UTW78Q,0.3
QM30-PB9OYZ,0.3
QM30-H60LG0,0.3
QM30-H0YJOJ,0.3
QM30-QQGQE8,0.3
QM30-OA41NE,0.3
QM30-71HV7V,0.3
QM30-7QHX9V,0.3
QM30-P8NYTG,0.3
QM30-C01ER3,0.3
QM30-715W8O,0.3
QM30-E3PUZK,0.3
QM30-OUCR1D,0.3
QM30-ST0RBK,0.3
QM30-2UND0N,0.3
QM30-7CQ5CG,0.3
QM30-975OST,0.3
QM30-F7BQBV,0.3
QM30-QQQRRN,0.3
QM30-QB50QV,0.3
QM30-QBISOQ,0.3
QM30-ADMTLO,0.3
QM30-5MFJYM,0.3
QM30-1QJ52H,0.3
QM30-E3CKBX,0.3
QM30-PJ6B42,0.3
QM30-VSG73Z,0.3
QM30-8DCTPZ,0.3
QM30-Q42HNF,0.3
QM30-X4E4BB,0.3
QM30-96IHTW,0.3
QM30-M5OZLC,0.3
QM30-PP06BG,0.3
QM30-3HX4IE,0.3
QM30-0CQ3W5,0.3
QM30-9HYVRY,0.3
QM30-UPK1ZM,0.3
QM30-HGJFC4,0.3
QM30-G68AOM,0.3
QM30-46W6IH,0.3
QM30-5A41NS,0.3
QM30-EVB9OJ,0.3
QM30-J5MHFD,0.3
QM30-Q6JWFW,0.3
QM30-MNCO4I,0.3
QM30-R2INAD,0.3
QM30-PNO6J3,0.3
QM30-HTZ9BJ,0.3
QM30-O0TJW1,0.3
QM30-86NYSX,0.3
QM30-Q9HJ60,0.3
QM30-L63R4B,0.3
QM30-JIGY2L,0.3
QM30-5IEYP6,0.3
QM30-CWZRVW,0.3
QM30-XNWG15,0.3
QM30-IHPJ50,0.3
QM30-ZMZAY6,0.3
QM30-YOVA80,0.3
QM30-4LB2EQ,0.3
QM30-ZG4CJI,0.3
QM30-ZIX10I,0.3
QM30-OUSPPN,0.3
QM30-5KUJNQ,0.3
QM30-SHDNB2,0.3
QM30-6P1PVN,0.3
QM30-Q9SVV7,0.3
QM30-H3JYAY,0.3
QM30-PEWYCC,0.3
QM30-3WJEIK,0.3
QM30-S5BYIQ,0.3
QM30-L0D2Q0,0.3
QM30-BCM1ER,0.3
QM30-RD8NOY,0.3
QM30-88OJQ6,0.3
QM30-MXLQDF,0.3
QM30-9RCCFO,0.3
QM30-ZN1DYM,0.3
QM30-GQPVRD,0.3
QM30-0CUEC9,0.3
QM30-9UHKEZ,0.3
QM30-S2WQS0,0.3
QM30-X92MR2,0.3
QM30-JRFIKQ,0.3
QM30-53YWKX,0.3
QM30-JV2YHA,0.3
QM30-379WJ4,0.3
QM30-A714RV,0.3
QM30-KRZFO9,0.3
QM30-KCOBSW,0.3
QM30-8TLJUK,0.3
QM30-YPD1F0,0.3
QM30-PV7O9S,0.3
QM30-3SZ2IO,0.3
QM30-VGW924,0.3
QM30-3KJYJA,0.3
QM30-K5D27Q,0.3
QM30-KL5H51,0.3
QM30-7OSL0T,0.3
QM30-MET4A9,0.3
QM30-VFM8X3,0.3
QM30-UFDH9M,0.3
QM30-FVYNCK,0.3
QM30-IXQF5V,0.3
QM30-PLBYIT,0.3
QM30-NGUX36,0.3
QM30-1DMYYH,0.3
QM30-Q6BREW,0.3
QM30-JOK2O9,0.3
QM30-5BJ12F,0.3
QM30-7HB61D,0.3
QM30-RL8HKB,0.3
QM30-H6RHBE,0.3
QM30-KSXMBZ,0.3
QM30-QZGBDR,0.3
QM30-H17FX6,0.3
QM30-KARGCU,0.3
QM30-ZYU6NH,0.3
QM30-I37705,0.3
QM30-0ZVZ1S,0.3
QM30-GM9K3L,0.3
QM30-QQYQV7,0.3
QM30-BYWV8D,0.3
QM30-T1QII5,0.3
QM30-VANE5W,0.3
QM30-W3I257,0.3
QM30-3Y66ET,0.3
QM30-EOLAWS,0.3
QM30-ZKWPA0,0.3
QM30-PU9LPE,0.3
QM30-9YBPO7,0.3
QM30-B42HH2,0.3
QM30-X1MX91,0.3
QM30-ZUT06C,0.3
QM30-P0GITY,0.3
QM30-7VE9JD,0.3
QM30-1VTRJX,0.3
QM30-GWAHQV,0.3
QM30-PE6MIZ,0.3
QM30-AKG4BP,0.3
QM30-4PMFDI,0.3
QM30-BB7ZP3,0.3
QM30-DUKOTA,0.3
QM30-RAC9ZI,0.3
QM30-CPHSFN,0.3
QM30-BAAFZT,0.3
QM30-YTBMKD,0.3
QM30-3IBBPG,0.3
QM30-UH386J,0.3
QM30-I7O1SK,0.3
QM30-FZZV80,0.3
QM30-A9PFOD,0.3
QM30-XKHM6W,0.3
QM30-ZRZOG7,0.3
QM30-VJ05J0,0.3
QM30-CIDKEA,0.3
QM30-EM4T9W,0.3
QM30-ZQYOOY,0.3
QM30-9YYCRO,0.3
QM30-WVX5A2,0.3
QM30-V14VM5,0.3
QM30-ZUO5I5,0.3
QM30-F0HU9G,0.3
QM30-DRFI68,0.3
QM30-CO55YW,0.3
QM30-BXW9TY,0.3
QM30-6TH0RX,0.3
QM30-JRMFER,0.3
QM30-XJF4E2,0.3
QM30-VGTXGV,0.3
QM30-SO5VJD,0.3
QM30-VLT3Z5,0.3
QM30-RCOTEI,0.3
QM30-FWVLCC,0.3
QM30-7SHHWO,0.3
QM30-4HP2ZV,0.3
QM30-ZEF3L6,0.3
QM30-EISNIG,0.3
QM30-IYJ6T0,0.3
QM30-9MB22P,0.3
QM30-OWUOMZ,0.3
QM30-XVRUEI,0.3
QM30-TKENTU,0.3
QM30-AMG2O1,0.3
QM30-OC2KTB,0.3
QM30-MCLYKA,0.3
QM30-AF1DSH,0.3
QM30-3X1TMZ,0.3
QM30-FVLBYB,0.3
QM30-G9CIN0,0.3
QM30-FCQBLH,0.3
QM30-8FI2RF,0.3
QM30-G3SBWI,0.3
QM30-8B08KG,0.3
QM30-I2JCQR,0.3
QM30-O10LFG,0.3
QM30-NGPFYH,0.3
QM30-XJI3ZR,0.3
QM30-VIPFA5,0.3
QM30-D890MP,0.3
QM30-04HNPH,0.3
QM30-W4XT1C,0.3
QM30-4HF1IR,0.3
QM30-O8FKG1,0.3
QM30-KA0487,0.3
QM30-7Z4G9A,0.3
QM30-29DCNT,0.3
QM30-HONWZ0,0.3
QM30-CMBZAH,0.3
QM30-9L0L5D,0.3
QM30-VORKRI,0.3
QM30-2V1NJ2,0.3
QM30-RT7DM0,0.3
QM30-E42M3V,0.3
QM30-9QXI5C,0.3
QM30-B09O1M,0.3
QM30-IBL2X4,0.3
QM30-X9KOAZ,0.3
QM30-C81BLD,0.3
QM30-ZHG2M5,0.3
QM30-LXNY0K,0.3
QM30-HCDPIC,0.3
QM30-VOEIWS,0.3
QM30-KX3ZU5,0.3
QM30-J9FPAH,0.3
QM30-D2DEW4,0.3
QM30-PJ9FZ0,0.3
QM30-BHFIUM,0.3
QM30-Z3117L,0.3
QM30-8Q1JZE,0.3
QM30-N9SUI6,0.3
QM30-R223QO,0.3
QM30-FHQ84P,0.3
QM30-JA7D1M,0.3
QM30-F6HP7Y,0.3
QM30-29MTCD,0.3
QM30-W5TXFZ,0.3
QM30-KYX47L,0.3
QM30-J5O4SQ,0.3
QM30-UDYUGP,0.3
QM30-BQ96WG,0.3
QM30-MFTDA7,0.3
QM30-X8FYUS,0.3
QM30-AY12CW,0.3
QM30-WOFELG,0.3
QM30-74C6JT,0.3
QM30-P91Q5B,0.3
QM30-1SOJAB,0.3
QM30-Q1E90A,0.3
QM30-I5NNIZ,0.3
QM30-O97SZX,0.3
QM30-9SX2H2,0.3
QM30-MKR6SQ,0.3
QM30-Q2OOLN,0.3
QM30-P7O16S,0.3
QM30-B65B5W,0.3
QM30-4WZM4Y,0.3
QM30-QDM9MO,0.3
QM30-UYSZ8E,0.3
QM30-56GGJM,0.3
QM30-VJSU9A,0.3
QM30-38SFND,0.3
QM30-FMP6TZ,0.3
QM30-2C0DYD,0.3
QM30-XESIBT,0.3
QM30-JW0UZ0,0.3
QM30-C37ARU,0.3
QM30-1KGG85,0.3
QM30-HM8WPK,0.3
QM30-5I93BI,0.3
QM30-HSL4VQ,0.3
QM30-0QYVS9,0.3
QM30-HPNO27,0.3
QM30-8HS4C5,0.3
QM30-572JE1,0.3
QM30-FBPXMF,0.3
QM30-61UCUJ,0.3
QM30-KCBYSA,0.3
QM30-STJB6V,0.3
QM30-8P7HS2,0.3
QM30-9UUQ6G,0.3
QM30-VCU64T,0.3
QM30-DXX1SR,0.3
QM30-42NGNK,0.3
QM30-I4H9GM,0.3
QM30-P6ZFID,0.3
QM30-RWA4OX,0.3
QM30-Y0POP5,0.3
QM30-JDGTXU,0.3
QM30-EY22V0,0.3
QM30-0NI18O,0.3
QM30-6DDIJ6,0.3
QM30-YXHERA,0.3
QM30-26HEGR,0.3
QM30-S55QDU,0.3
QM30-G4BZT9,0.3
QM30-MHK3SZ,0.3
QM30-A7FTNW,0.3
QM30-SYC48H,0.3
QM30-FOE341,0.3
QM30-RRVTL8,0.3
QM30-ZC4T9N,0.3
QM30-PBTH0M,0.3
QM30-O897E4,0.3
QM30-J9JMQB,0.3
QM30-82JRR8,0.3
QM30-KTCGP2,0.3
QM30-FUJDG4,0.3
QM30-FTHC8V,0.3
QM30-BG859I,0.3
QM30-KOQGNX,0.3
QM30-TA7G8Y,0.3
QM30-CE88WU,0.3
QM30-MNKUS2,0.3
QM30-AU51P4,0.3
QM30-LWRPHZ,0.3
QM30-HLUYC1,0.3
QM30-9A1MQW,0.3
QM30-5CZTL1,0.3
QM30-SINO11,0.3
QM30-KDXQMC,0.3
QM30-JHYPHJ,0.3
QM30-91OX6A,0.3
QM30-5F0GE8,0.3
QM30-THF905,0.3
QM30-0V3NQ8,0.3
QM30-P6UEK7,0.3
QM30-H598CG,0.3
QM30-Q4Q2P7,0.3
QM30-UTON3R,0.3
QM30-MA4SOH,0.3
QM30-A90Z2X,0.3
QM30-C9GCGJ,0.3
QM30-HVLKKZ,0.3
QM30-VWVTEU,0.3
QM30-G4SB7M,0.3
QM30-L2IUJB,0.3
QM30-VR3G55,0.3
QM30-76H8UA,0.3
QM30-3HG1GK,0.3
QM30-VIN4AC,0.3
QM30-18YGEB,0.3
QM30-UX9G5A,0.3
QM30-0PWDXF,0.3
QM30-PAEAB0,0.3
QM30-2EWX9E,0.3
QM30-1F53LR,0.3
QM30-Q9DR04,0.3
QM30-0PF5PZ,0.3
QM30-LFF5ID,0.3
QM30-Z5NR48,0.3
QM30-NQA3Q4,0.3
QM30-9DYO73,0.3
QM30-AX7IQG,0.3
QM30-II368H,0.3
QM30-U5DQ4H,0.3
QM30-930WP8,0.3
QM30-RL4M6X,0.3
QM30-XRY35U,0.3
QM30-SMPSUO,0.3
QM30-UP1QDA,0.3
QM30-0AA5R1,0.3
QM30-U0Q54U,0.3
QM30-2S7BT9,0.3
QM30-TEZ15O,0.3
QM30-SSZL3C,0.3
QM30-VL1DBX,0.3
QM30-EZ294L,0.3
QM30-K199PT,0.3
QM30-IT2WDG,0.3
QM30-TMV77X,0.3
QM30-X49YKG,0.3
QM30-GFS5Y9,0.3
QM30-IZ3M16,0.3
QM30-ZM8JKV,0.3
QM30-8XERKM,0.3
QM30-E7Q028,0.3
QM30-G2LTWS,0.3
QM30-ECX394,0.3
QM30-RILISE,0.3
QM30-ZXPBZ7,0.3
QM30-1DCEZ6,0.3
QM30-FIUOJI,0.3
QM30-3HC0XB,0.3
QM30-OUHC81,0.3
QM30-Y3F0O1,0.3
QM30-ND6ZJ0,0.3
QM30-PYV61Y,0.3
QM30-WQJ3IA,0.3
QM30-7JM8XV,0.3
QM30-8G3UEH,0.3
QM30-WTCQGS,0.3
QM30-26C1R7,0.3
QM30-YSECAF,0.3
QM30-CGVXY6,0.3
QM30-IR6SMB,0.3
QM30-6BXP14,0.3
QM30-W7Q8NP,0.3
QM30-V3T1TT,0.3
QM30-66N5N5,0.3
QM30-WX855Y,0.3
QM30-WWNLL6,0.3
QM30-OBXJ13,0.3
QM30-18Q8Z8,0.3
QM30-WH6ZSM,0.3
QM30-WQZ77R,0.3
QM30-4WATCA,0.3
QM30-Z5RKHP,0.3
QM30-S7EGGL,0.3
QM30-HSDWFP,0.3
QM30-JN8J35,0.3
QM30-RB8O9K,0.3
QM30-UTJGPQ,0.3
QM30-35IZRV,0.3
QM30-RPZJKW,0.3
QM30-UAUE85,0.3
QM30-JIJ1CO,0.3
QM30-DIWNWD,0.3
QM30-POZXNV,0.3
QM30-1XARJC,0.3
QM30-KV2RZG,0.3
QM30-VMIQ4A,0.3
QM30-NG1QEK,0.3
QM30-64QIDO,0.3
QM30-5YC3G7,0.3
QM30-M0ICJA,0.3
QM30-JFTFJU,0.3
QM30-SMU1G0,0.3
QM30-J9I503,0.3
QM30-3G36WY,0.3
QM30-ZSE6TN,0.3
QM30-9HHL30,0.3
QM30-X4UZAJ,0.3
QM30-HV9BZ9,0.3
QM30-IMS5QM,0.3
QM30-JPZX94,0.3
QM30-V49ZFA,0.3
QM30-9ER0OQ,0.3
QM30-ZZ6OJD,0.3
QM30-JFV5SD,0.3
QM30-FO56XB,0.3
QM30-6YCODS,0.3
QM30-0KYNLA,0.3
QM30-TC0H2S,0.3
QM30-UADI8K,0.3
QM30-6SCIOD,0.3
QM30-J60KRN,0.3
QM30-ILH4S1,0.3
QM30-R36KJO,0.3
QM30-3TRPGB,0.3
QM30-FKKT2S,0.3
QM30-QNF0GF,0.3
QM30-SMLNWH,0.3
QM30-JV08WK,0.3
QM30-5OCBH5,0.3
QM30-425J3R,0.3
QM30-02SS4S,0.3
QM30-1PLEQD,0.3
QM30-IP1S46,0.3
QM30-D5GYUE,0.3
QM30-WFWLZO,0.3
QM30-35B4E5,0.3
QM30-CYY0FT,0.3
QM30-X82GZ4,0.3
QM30-D3UULC,0.3
QM30-MEBAGK,0.3
QM30-CK1BTO,0.3
QM30-CT6IJ6,0.3
QM30-KSM8AT,0.3
QM30-SSBIE3,0.3
QM30-TCHF5J,0.3
QM30-S3PALC,0.3
QM30-GWVCTG,0.3
QM30-DPNV4X,0.3
QM30-MFQFQI,0.3
QM30-Q4EEUG,0.3
QM30-IXHU57,0.3
QM30-SN8EUR,0.3
QM30-MZEMGI,0.3
QM30-UKW2U7,0.3
QM30-3WW1JB,0.3
QM30-2K5PQR,0.3
QM30-C2XMJP,0.3
QM30-WHQODY,0.3
QM30-YKGK6L,0.3
QM30-N8N0LG,0.3
QM30-OMUTWM,0.3
QM30-25S8IO,0.3
QM30-L0RPLH,0.3
QM30-TH0BFX,0.3
QM30-ORKZ41,0.3
QM30-0I34FY,0.3
QM30-5ZPVPN,0.3
QM30-VY3SVB,0.3
QM30-0PD1V1,0.3
QM30-BKZDPE,0.3
QM30-KZH5IO,0.3
QM30-DIJXPK,0.3
QM30-XBLQ7Y,0.3
QM30-V3XRNS,0.3
QM30-LAF9Y3,0.3
QM30-2F8M8W,0.3
QM30-6IU1DO,0.3
QM30-AXHZKS,0.3
QM30-KBSVW4,0.3
QM30-IYSWFB,0.3
QM30-AOFSED,0.3
QM30-5DFXMJ,0.3
QM30-BVBJGR,0.3
QM30-PL6M5I,0.3
QM30-FHT0MQ,0.3
QM30-ZF68DH,0.3
QM30-1O8HDE,0.3
QM30-JV8KXA,0.3
QM30-7E2CH6,0.3
QM30-MLMRP7,0.3
QM30-MTJJUO,0.3
QM30-A4REYR,0.3
QM30-YXZHCU,0.3
QM30-U2X2BF,0.3
QM30-JEINGA,0.3
QM30-HCDNZW,0.3
QM30-NLMEO1,0.3
QM30-LRXLLR,0.3
QM30-GHJ641,0.3
QM30-20AJIT,0.3
QM30-QMMW5V,0.3
QM30-YS2NTU,0.3
QM30-XG4XCK,0.3
QM30-JNAI3P,0.3
QM30-I5YYJS,0.3
QM30-IZIC41,0.3
QM30-X75KIH,0.3
QM30-1PCLVT,0.3
QM30-DSK6PZ,0.3
QM30-HCI7SY,0.3
QM30-XTMDOW,0.3
QM30-YX9CLS,0.3
QM30-DBSUCK,0.3
QM30-2QHMX1,0.3
QM30-P6JACY,0.3
QM30-WFCVML,0.3
QM30-M88LHP,0.3
QM30-3ZWO3S,0.3
QM30-PE69PO,0.3
QM30-ZM9UQ9,0.3
QM30-GDLNFA,0.3
QM30-3EYJDL,0.3
QM30-1GHDOD,0.3
QM30-Y7BLJM,0.3
QM30-WC9H4W,0.3
QM30-GVJW09,0.3
QM30-MUI227,0.3
QM30-FBX1D9,0.3
QM30-NANS6J,0.3
QM30-AO8ARX,0.3
QM30-2OIZVN,0.3
QM30-F0FE1Z,0.3
QM30-8ER94T,0.3
QM30-EC5ANG,0.3
QM30-WRX1YW,0.3
QM30-7MX6HH,0.3
QM30-QUJ5K6,0.3
QM30-Q9BQTH,0.3
QM30-1J6YC7,0.3
QM30-AJJ3RQ,0.3
QM30-5RZ1M3,0.3
QM30-KM29TQ,0.3
QM30-7EK9KP,0.3
QM30-BLJZXN,0.3
QM30-MF3UDG,0.3
QM30-SHYNQV,0.3
QM30-O5RNDS,0.3
QM30-AMWA6E,0.3
QM30-WCOOFI,0.3
QM30-ZI593W,0.3
QM30-M7A5FC,0.3
QM30-OVXZOA,0.3
QM30-N99D5P,0.3
QM30-2CYX87,0.3
QM30-8VLZN2,0.3
QM30-DDWKM7,0.3
QM30-5AW6VN,0.3
QM30-V8VXUB,0.3
QM30-0WFU4D,0.3
QM30-N5VTVG,0.3
QM30-BH41AP,0.3
QM30-ETJ9IJ,0.3
QM30-AM7L60,0.3
QM30-UNAE2X,0.3
QM30-6TMHMA,0.3
QM30-W34ZZQ,0.3
QM30-K18QPH,0.3
QM30-VKIDUC,0.3
QM30-2I7ZFE,0.3
QM30-IT4185,0.3
QM30-C9IDPT,0.3
QM30-4FKMHR,0.3
QM30-V7L787,0.3
QM30-MMHLSM,0.3
QM30-N9XWG8,0.3
QM30-6T7L9A,0.3
QM30-4T2FH4,0.3
QM30-N5V0VV,0.3
QM30-MXAL7D,0.3
QM30-NO7L4H,0.3
QM30-PQ4OZD,0.3
QM30-MEYDU5,0.3
QM30-T5TFBS,0.3
QM30-GGTQDN,0.3
QM30-9TB7MH,0.3
QM30-IQVUVD,0.3
QM30-4OZHY9,0.3
QM30-P4H8P5,0.3
QM30-XOER8I,0.3
QM30-VASANC,0.3
QM30-3DJJGB,0.3
QM30-ZOOIPU,0.3
QM30-GIQ3Q1,0.3
QM30-IHU9II,0.3
QM30-N06NCG,0.3
QM30-3ZSW6F,0.3
QM30-SKV6WJ,0.3
QM30-SBP7NC,0.3
QM30-RVVHT4,0.3
QM30-YB7I05,0.3
QM30-5MXMXP,0.3
QM30-O34FOF,0.3
QM30-64DO48,0.3
QM30-KZL1HP,0.3
QM30-TPQP6O,0.3
QM30-HS1V87,0.3
QM30-4SJ01K,0.3
QM30-HRGM0Z,0.3
QM30-7YZ6UD,0.3
QM30-74D90J,0.3
QM30-MTGKS1,0.3
QM30-PUCR5Y,0.3
QM30-RB4CGV,0.3
QM30-H95BNP,0.3
QM30-S8GFGG,0.3
QM30-LZ9O0X,0.3
QM30-PFM1FV,0.3
QM30-CZURZT,0.3
QM30-ROK0EC,0.3
QM30-ND4AVT,0.3
QM30-3XD5CH,0.3
QM30-SJRAB2,0.3
QM30-JOPPPY,0.3
QM30-CIOF68,0.3
QM30-WDZAPR,0.3
QM30-SOUBES,0.3
QM30-MMKSOO,0.3
QM30-MBEYIK,0.3
QM30-RHP8EY,0.3
QM30-D0T3BL,0.3
QM30-17TYIJ,0.3
QM30-LX6V4G,0.3
QM30-OMHEA8,0.3
QM30-KR5BX3,0.3
QM30-VEIMZ3,0.3
QM30-RPX9VF,0.3
QM30-JE5GNJ,0.3
QM30-EYCOEX,0.3
QM30-V3X9UR,0.3
QM30-Q67B57,0.3
QM30-AXPH02,0.3
QM30-WDIJDH,0.3
QM30-6JADV3,0.3
QM30-5NXC9E,0.3
QM30-OF2MRF,0.3
QM30-ITTKDR,0.3
QM30-QJKZYG,0.3
QM30-YB9IIR,0.3
QM30-TDSVMW,0.3
QM30-MNBLOE,0.3
QM30-3AFQFV,0.3
QM30-4Z1IHG,0.3
QM30-ZUJ4EQ,0.3
QM30-LANLIC,0.3
QM30-MOIU3L,0.3
QM30-VHO27V,0.3
QM30-O9G0JD,0.3
QM30-OJIZJR,0.3
QM30-72WFYY,0.3
QM30-ESVE3E,0.3
QM30-SSG4DT,0.3
QM30-KSTUVQ,0.3
QM30-XO2ZTX,0.3
QM30-QJGNUL,0.3
QM30-WZDPPK,0.3
QM30-ONFLTA,0.3
QM30-J6R9UZ,0.3
QM30-3L4WVY,0.3
QM30-7SONQE,0.3
QM30-AMXWRW,0.3
QM30-2TGGFB,0.3
QM30-D96XP9,0.3
QM30-58VFKL,0.3
QM30-XY2GQI,0.3
QM30-PSQTZ9,0.3
QM30-I9LUNL,0.3
QM30-NC2E7V,0.3
QM30-8QBXNE,0.3
QM30-CILBKG,0.3
QM30-BG9E2H,0.3
QM30-I2I65V,0.3
QM30-0JQGJK,0.3
QM30-42DHO1,0.3
QM30-YXVAFD,0.3
QM30-MWFSIX,0.3
QM30-F3K6LR,0.3
QM30-06ULCL,0.3
QM30-DAXMGX,0.3
QM30-ED2YWX,0.3
QM30-UMZ0UB,0.3
QM30-E5IZBU,0.3
QM30-V9O5PZ,0.3
QM30-W8A6V2,0.3
QM30-HPWK0K,0.3
QM30-UDYKOU,0.3
QM30-B84QF3,0.3
QM30-9JOUD8,0.3
QM30-BVK9L9,0.3
QM30-G0PL5Q,0.3
QM30-Q81KA2,0.3
QM30-QKQA8E,0.3
QM30-VWIIE5,0.3
QM30-YWQ1OY,0.3
QM30-0L6PQP,0.3
QM30-F3ZO1V,0.3
QM30-FJEEG9,0.3
QM30-FK05NA,0.3
QM30-J6RXBT,0.3
QM30-JW0BIJ,0.3
QM30-2G05I1,0.3
QM30-R37UX7,0.3
QM30-DPEYED,0.3
QM30-6LHL1S,0.3
QM30-5Q0QCZ,0.3
QM30-S70NCL,0.3
QM30-WAQ7VM,0.3
QM30-OX7YXK,0.3
QM30-5A9HUJ,0.3
QM30-S6FYDP,0.3
QM30-LFBGUL,0.3
QM30-ENIWCM,0.3
QM30-C5T5PB,0.3
QM30-X7L5WS,0.3
QM30-AEQ6W0,0.3
QM30-F65T34,0.3
QM30-9M09CG,0.3
QM30-VAK3MY,0.3
QM30-BGBR3P,0.3
QM30-ZA37L7,0.3
QM30-CA3TLB,0.3
QM30-OELH7F,0.3
QM30-JETDGC,0.3
QM30-QZHKQA,0.3
QM30-YZ7IY6,0.3
QM30-KUPAAV,0.3
QM30-IF1530,0.3
QM30-TRYGJ2,0.3
QM30-AIOKK9,0.3
QM30-WQOX3L,0.3
QM30-DG4LR0,0.3
QM30-WLCNY2,0.3
QM30-YPZ8C9,0.3
QM30-I1KOCA,0.3
QM30-BOI71K,0.3
QM30-X92SGH,0.3
QM30-ZZ70ZE,0.3
QM30-820M2P,0.3
QM30-0FYWFJ,0.3
QM30-OX8ZAZ,0.3
QM30-U6DCSQ,0.3
QM30-JHTMUD,0.3
QM30-GMBX7X,0.3
QM30-VTKIOJ,0.3
QM30-9B1BPT,0.3
QM30-QG7MFZ,0.3
QM30-GYMLX9,0.3
QM30-RK7777,0.3
QM30-57VG0L,0.3
QM30-C3DB6J,0.3
QM30-7JB2WT,0.3
QM30-3219OL,0.3
QM30-8PEJZ4,0.3
QM30-PM8DRV,0.3
QM30-O6E07W,0.3
QM30-NB1PW2,0.3
QM30-JOU3D0,0.3
QM30-Z8NT0E,0.3
QM30-QXSN9Q,0.3
QM30-H9TVJP,0.3
QM30-RR9G0F,0.3
QM30-U5M4DD,0.3
QM30-NMX5GS,0.3
QM30-IP4P0L,0.3
QM30-NAV2G3,0.3
QM30-LVAKZL,0.3
QM30-DKVEPB,0.3
QM30-0JM9PT,0.3
QM30-2ONZI3,0.3
QM30-8BME7V,0.3
QM30-0O8CCH,0.3
QM30-N936IQ,0.3
QM30-YF0VEA,0.3
QM30-KENGJ6,0.3
QM30-YKTYFV,0.3
QM30-W35G6W,0.3
QM30-WYHU75,0.3
QM30-DVI40Z,0.3
QM30-K2ERIO,0.3
QM30-5L6EE6,0.3
QM30-SJ0FDL,0.3
QM30-SNRV7Z,0.3
QM30-SJG8CD,0.3
QM30-F16N08,0.3
QM30-LYQLQJ,0.3
QM30-ILQYHW,0.3
QM30-S3ETGH,0.3
QM30-BAKL2Y,0.3
QM30-BKLUKG,0.3
QM30-0YFDP2,0.3
QM30-4D19OE,0.3
QM30-MLLGDF,0.3
QM30-4VPK6O,0.3
QM30-YXLP63,0.3
QM30-HNBB80,0.3
QM30-YELQ33,0.3
QM30-WL60GW,0.3
QM30-NGQ5DO,0.3
QM30-SWKJK7,0.3
QM30-2K85EQ,0.3
QM30-1PIWGG,0.3
QM30-W6CL9A,0.3
QM30-NJOLHK,0.3
QM30-E1OXP8,0.3
QM30-3SKGK4,0.3
QM30-FCABTJ,0.3
QM30-F82EEV,0.3
QM30-FIPQ9V,0.3
QM30-Q28BAU,0.3
QM30-8U4YZJ,0.3
QM30-GLTZZT,0.3
QM30-RZENA1,0.3
QM30-90271G,0.3
QM30-OZD97G,0.3
QM30-XUF6EI,0.3
QM30-E7QRNQ,0.3
QM30-05XBAA,0.3
QM30-DF88EG,0.3
QM30-3P7SYH,0.3
QM30-G8UHYZ,0.3
QM30-QM72YX,0.3
QM30-TWN6FZ,0.3
QM30-NCBDJ3,0.3
QM30-IFQPZT,0.3
QM30-OF2QKD,0.3
QM30-TXZ9NX,0.3
QM30-5B5FBY,0.3
QM30-DQGMQE,0.3
